delete from hotels.hotel;
delete from hotels.client;

 
insert into hotels.hotel (HotelID, HotelDesignation) values ('SH', 'Sheraton');
insert into hotels.hotel (HotelID, HotelDesignation) values ('AL', 'Alfa');
insert into hotels.hotel (HotelID, HotelDesignation) values ('MN', 'Mundial');
insert into hotels.hotel (HotelID, HotelDesignation) values ('RM', 'Roma');
insert into hotels.hotel (HotelID, HotelDesignation) values ('MJ', 'Majestic');
insert into hotels.hotel (HotelID, HotelDesignation) values ('LS', 'Lisboa');

insert into hotels.room (HotelID, RoomNumber, beds, price) values ('SH', 1, 2, 10);
insert into hotels.room (HotelID, RoomNumber, beds, price) values ('SH', 2, 2, 20);
insert into hotels.room (HotelID, RoomNumber, beds, price) values ('SH', 3, 4, 20);
insert into hotels.room (HotelID, RoomNumber, beds, price) values ('SH', 4, 1, 10);
insert into hotels.room (HotelID, RoomNumber, beds, price) values ('SH', 5, 2, null);
insert into hotels.room (HotelID, RoomNumber, beds, price) values ('SH', 6, 3, 15);
insert into hotels.room (HotelID, RoomNumber, beds, price) values ('SH', 7, 2, 15);
insert into hotels.room (HotelID, RoomNumber, beds, price) values ('SH', 8, 4, null);
insert into hotels.room (HotelID, RoomNumber, beds, price) values ('SH', 9, 1, 10);
insert into hotels.room (HotelID, RoomNumber, beds, price) values ('SH', 10, 1, 5);
insert into hotels.room (HotelID, RoomNumber, beds, price) values ('AL', 1, 2, 10);
insert into hotels.room (HotelID, RoomNumber, beds, price) values ('AL', 2, 4, null);
insert into hotels.room (HotelID, RoomNumber, beds, price) values ('AL', 3, 4, 20);
insert into hotels.room (HotelID, RoomNumber, beds, price) values ('AL', 4, 2, 10);
insert into hotels.room (HotelID, RoomNumber, beds, price) values ('AL', 5, 2, null);
insert into hotels.room (HotelID, RoomNumber, beds, price) values ('AL', 6, 4, 15);
insert into hotels.room (HotelID, RoomNumber, beds, price) values ('AL', 7, 2, 15);
insert into hotels.room (HotelID, RoomNumber, beds, price) values ('AL', 8, 4, null);
insert into hotels.room (HotelID, RoomNumber, beds, price) values ('MN', 1, 2, 10);
insert into hotels.room (HotelID, RoomNumber, beds, price) values ('MN', 2, 2, 20);
insert into hotels.room (HotelID, RoomNumber, beds, price) values ('MN', 3, 4, 26);
insert into hotels.room (HotelID, RoomNumber, beds, price) values ('MN', 4, 1, 10);
insert into hotels.room (HotelID, RoomNumber, beds, price) values ('MN', 5, 3, null);
insert into hotels.room (HotelID, RoomNumber, beds, price) values ('MN', 6, 4, 15);
insert into hotels.room (HotelID, RoomNumber, beds, price) values ('MN', 7, 2, 15);
insert into hotels.room (HotelID, RoomNumber, beds, price) values ('MN', 8, 4, null);
insert into hotels.room (HotelID, RoomNumber, beds, price) values ('MN', 9, 1, 10);
insert into hotels.room (HotelID, RoomNumber, beds, price) values ('MN', 10, 2, 8);
insert into hotels.room (HotelID, RoomNumber, beds, price) values ('MN', 11, 3, 10);
insert into hotels.room (HotelID, RoomNumber, beds, price) values ('MN', 12, 1, null);
insert into hotels.room (HotelID, RoomNumber, beds, price) values ('RM', 1, 2, 10);
insert into hotels.room (HotelID, RoomNumber, beds, price) values ('RM', 2, 3, 25);
insert into hotels.room (HotelID, RoomNumber, beds, price) values ('RM', 3, 4, 20);
insert into hotels.room (HotelID, RoomNumber, beds, price) values ('RM', 4, 1, 10);
insert into hotels.room (HotelID, RoomNumber, beds, price) values ('RM', 5, 2, null);
insert into hotels.room (HotelID, RoomNumber, beds, price) values ('RM', 6, 2, 20);
insert into hotels.room (HotelID, RoomNumber, beds, price) values ('RM', 7, 2, 15);
insert into hotels.room (HotelID, RoomNumber, beds, price) values ('RM', 8, 4, null);
insert into hotels.room (HotelID, RoomNumber, beds, price) values ('RM', 9, 1, 10);
insert into hotels.room (HotelID, RoomNumber, beds, price) values ('RM', 10, 4, 13);
insert into hotels.room (HotelID, RoomNumber, beds, price) values ('MJ', 1, 2, 10);
insert into hotels.room (HotelID, RoomNumber, beds, price) values ('MJ', 2, 3, 15);
insert into hotels.room (HotelID, RoomNumber, beds, price) values ('MJ', 3, 4, 22);
insert into hotels.room (HotelID, RoomNumber, beds, price) values ('MJ', 4, 1, 10);
insert into hotels.room (HotelID, RoomNumber, beds, price) values ('LS', 1, 2, 12);
insert into hotels.room (HotelID, RoomNumber, beds, price) values ('LS', 2, 2, 20);
insert into hotels.room (HotelID, RoomNumber, beds, price) values ('LS', 3, 3, 16);
insert into hotels.room (HotelID, RoomNumber, beds, price) values ('LS', 4, 1, 14);
insert into hotels.room (HotelID, RoomNumber, beds, price) values ('LS', 5, 1, 20);
insert into hotels.room (HotelID, RoomNumber, beds, price) values ('LS', 6, 4, 20);

insert into hotels.client (ClientNumber, clientType, name, nif) values (1, 'I','Ana',        '2435335678' );
insert into hotels.client (ClientNumber, clientType, name, nif) values (2, 'O','InnoWave',   '521073661');
insert into hotels.client (ClientNumber, clientType, name, nif) values (3, 'I','Pedro',      '242665988');
insert into hotels.client (ClientNumber, clientType, name, nif) values (4, 'O','ONU',        'jdfs-46561542');
insert into hotels.client (ClientNumber, clientType, name, nif) values (5, 'I','Luis',       '276339023');
insert into hotels.client (ClientNumber, clientType, name, nif) values (6, 'O','NASA',       '561fg-h1w-01');
insert into hotels.client (ClientNumber, clientType, name, nif) values (7, 'I','Carlos',     '283821230');
insert into hotels.client (ClientNumber, clientType, name, nif) values (8, 'O','CE',         '9u345ndsf78');
insert into hotels.client (ClientNumber, clientType, name, nif) values (9, 'I','Sofia',      '232870575');
insert into hotels.client (ClientNumber, clientType, name, nif) values (10,'O','IP Telecom', '558575927');
insert into hotels.client (ClientNumber, clientType, name, nif) values (11,'I','Luisa',      '244608963');
insert into hotels.client (ClientNumber, clientType, name, nif) values (12,'I','Antonio',    '258140002');


insert into hotels.booking (BookingNumber, ClientNumber, startDate, endDate) values (1,4,null, null);
insert into hotels.booking (BookingNumber, ClientNumber, startDate, endDate) values (2,4,null, null);
insert into hotels.booking (BookingNumber, ClientNumber, startDate, endDate) values (3,1,null, null);
insert into hotels.booking (BookingNumber, ClientNumber, startDate, endDate) values (4,2,null, null);
insert into hotels.booking (BookingNumber, ClientNumber, startDate, endDate) values (5,2,null, null);
insert into hotels.booking (BookingNumber, ClientNumber, startDate, endDate) values (6,4,null, null);
insert into hotels.booking (BookingNumber, ClientNumber, startDate, endDate) values (7,2,null, null);
insert into hotels.booking (BookingNumber, ClientNumber, startDate, endDate) values (8,3,null, null);
insert into hotels.booking (BookingNumber, ClientNumber, startDate, endDate) values (9,3,null, null);
insert into hotels.booking (BookingNumber, ClientNumber, startDate, endDate) values (10,4,null, null);
insert into hotels.booking (BookingNumber, ClientNumber, startDate, endDate) values (11,4,null, null);
insert into hotels.booking (BookingNumber, ClientNumber, startDate, endDate) values (12,4,null, null);
insert into hotels.booking (BookingNumber, ClientNumber, startDate, endDate) values (13,4,null, null);
insert into hotels.booking (BookingNumber, ClientNumber, startDate, endDate) values (14,4,null, null);
insert into hotels.booking (BookingNumber, ClientNumber, startDate, endDate) values (15,5,null, null);
insert into hotels.booking (BookingNumber, ClientNumber, startDate, endDate) values (16,5,null, null);
insert into hotels.booking (BookingNumber, ClientNumber, startDate, endDate) values (17,5,null, null);
insert into hotels.booking (BookingNumber, ClientNumber, startDate, endDate) values (18,8,null, null);
insert into hotels.booking (BookingNumber, ClientNumber, startDate, endDate) values (19,8,null, null);
insert into hotels.booking (BookingNumber, ClientNumber, startDate, endDate) values (20,9,null, null);
insert into hotels.booking (BookingNumber, ClientNumber, startDate, endDate) values (21,9,null, null);
insert into hotels.booking (BookingNumber, ClientNumber, startDate, endDate) values (22,10,null, null);
insert into hotels.booking (BookingNumber, ClientNumber, startDate, endDate) values (23,10,null, null);
insert into hotels.booking (BookingNumber, ClientNumber, startDate, endDate) values (24,11,null, null);
insert into hotels.booking (BookingNumber, ClientNumber, startDate, endDate) values (25,11,null, null);
insert into hotels.booking (BookingNumber, ClientNumber, startDate, endDate) values (26,11,null, null);
insert into hotels.booking (BookingNumber, ClientNumber, startDate, endDate) values (27,12,null, null);
insert into hotels.booking (BookingNumber, ClientNumber, startDate, endDate) values (28,12,null, null);
insert into hotels.booking (BookingNumber, ClientNumber, startDate, endDate) values (29,12,null, null);


insert into hotels.booking_room (BookingNumber, HotelID, RoomNumber, extraBed, personCount) values (1,'SH',1, null,1);
insert into hotels.booking_room (BookingNumber, HotelID, RoomNumber, extraBed, personCount) values (1,'SH',3, null,1);
insert into hotels.booking_room (BookingNumber, HotelID, RoomNumber, extraBed, personCount) values (2,'AL',4, null,1);
insert into hotels.booking_room (BookingNumber, HotelID, RoomNumber, extraBed, personCount) values (2,'AL',6, null,2);
insert into hotels.booking_room (BookingNumber, HotelID, RoomNumber, extraBed, personCount) values (3,'AL',1, null,1);
insert into hotels.booking_room (BookingNumber, HotelID, RoomNumber, extraBed, personCount) values (4,'AL',2, null,2);
insert into hotels.booking_room (BookingNumber, HotelID, RoomNumber, extraBed, personCount) values (5,'AL',7, null,1);
insert into hotels.booking_room (BookingNumber, HotelID, RoomNumber, extraBed, personCount) values (6,'AL',8, null,1);
insert into hotels.booking_room (BookingNumber, HotelID, RoomNumber, extraBed, personCount) values (7,'MN',1, null,1);
insert into hotels.booking_room (BookingNumber, HotelID, RoomNumber, extraBed, personCount) values (8,'MN',2, null,1);
insert into hotels.booking_room (BookingNumber, HotelID, RoomNumber, extraBed, personCount) values (9,'MN',7, null,1);
insert into hotels.booking_room (BookingNumber, HotelID, RoomNumber, extraBed, personCount) values (10,'LS',6, null,2);
insert into hotels.booking_room (BookingNumber, HotelID, RoomNumber, extraBed, personCount) values (11,'MN',3, null,1);
insert into hotels.booking_room (BookingNumber, HotelID, RoomNumber, extraBed, personCount) values (12,'RM',1, null,1);
insert into hotels.booking_room (BookingNumber, HotelID, RoomNumber, extraBed, personCount) values (13,'MJ',2, null,2);
insert into hotels.booking_room (BookingNumber, HotelID, RoomNumber, extraBed, personCount) values (14,'RM',3, null,1);
insert into hotels.booking_room (BookingNumber, HotelID, RoomNumber, extraBed, personCount) values (15,'RM',4, null,1);
insert into hotels.booking_room (BookingNumber, HotelID, RoomNumber, extraBed, personCount) values (16,'RM',5, null,2);
insert into hotels.booking_room (BookingNumber, HotelID, RoomNumber, extraBed, personCount) values (17,'RM',7, null,1);
insert into hotels.booking_room (BookingNumber, HotelID, RoomNumber, extraBed, personCount) values (18,'RM',8, null,3);
insert into hotels.booking_room (BookingNumber, HotelID, RoomNumber, extraBed, personCount) values (19,'RM',9, null,1);
insert into hotels.booking_room (BookingNumber, HotelID, RoomNumber, extraBed, personCount) values (20,'RM',10, null,1);
insert into hotels.booking_room (BookingNumber, HotelID, RoomNumber, extraBed, personCount) values (21,'MJ',1, null,1);
insert into hotels.booking_room (BookingNumber, HotelID, RoomNumber, extraBed, personCount) values (22,'MJ',2, null,1);
insert into hotels.booking_room (BookingNumber, HotelID, RoomNumber, extraBed, personCount) values (23,'MJ',3, null,2);
insert into hotels.booking_room (BookingNumber, HotelID, RoomNumber, extraBed, personCount) values (24,'MJ',4, null,1);
insert into hotels.booking_room (BookingNumber, HotelID, RoomNumber, extraBed, personCount) values (25,'LS',1, null,1);
insert into hotels.booking_room (BookingNumber, HotelID, RoomNumber, extraBed, personCount) values (26,'LS',2, null,1);
insert into hotels.booking_room (BookingNumber, HotelID, RoomNumber, extraBed, personCount) values (27,'LS',3, null,3);
insert into hotels.booking_room (BookingNumber, HotelID, RoomNumber, extraBed, personCount) values (28, 'LS',4, null,2);
insert into hotels.booking_room (BookingNumber, HotelID, RoomNumber, extraBed, personCount) values (29,'LS',5, null,1);
insert into hotels.booking_room (BookingNumber, HotelID, RoomNumber, extraBed, personCount) values (29,'LS',6, null,1);

insert into hotels.invoice (InvoiceNumber, BookingNumber, BookingDate, amount) values (1,1,null,100);
insert into hotels.invoice (InvoiceNumber, BookingNumber, BookingDate, amount) values (2,3,null,120);
insert into hotels.invoice (InvoiceNumber, BookingNumber, BookingDate, amount) values (3,5,null,100);
insert into hotels.invoice (InvoiceNumber, BookingNumber, BookingDate, amount) values (4,6,null,120);
insert into hotels.invoice (InvoiceNumber, BookingNumber, BookingDate, amount) values (5,8,null,112);
insert into hotels.invoice (InvoiceNumber, BookingNumber, BookingDate, amount) values (6,10,null,70);
insert into hotels.invoice (InvoiceNumber, BookingNumber, BookingDate, amount) values (7,12,null,80);
insert into hotels.invoice (InvoiceNumber, BookingNumber, BookingDate, amount) values (8,13,null,90);
insert into hotels.invoice (InvoiceNumber, BookingNumber, BookingDate, amount) values (9,14,null,112);
insert into hotels.invoice (InvoiceNumber, BookingNumber, BookingDate, amount) values (10,16,null,124);
insert into hotels.invoice (InvoiceNumber, BookingNumber, BookingDate, amount) values (11,17,null,102);
insert into hotels.invoice (InvoiceNumber, BookingNumber, BookingDate, amount) values (12,20,null,70);
insert into hotels.invoice (InvoiceNumber, BookingNumber, BookingDate, amount) values (13,21,null,12);
insert into hotels.invoice (InvoiceNumber, BookingNumber, BookingDate, amount) values (14,25,null,120);
insert into hotels.invoice (InvoiceNumber, BookingNumber, BookingDate, amount) values (15,27,null,100);
insert into hotels.invoice (InvoiceNumber, BookingNumber, BookingDate, amount) values (16,29,null,80);

commit;

 